origin,country,o_d_pair,od_id,date,Point Forecast,Lo 95,Hi 95,expats,excess_migrants,excess_migrants_lo,excess_migrants_hi
CI,AE,CI-AE,1,2020-05-18,1630.9974244665739,1265.8400380896148,1996.154810843533,1197.7637335926406,-433.23369087393326,-68.07630449697422,-798.3910772508923
CI,BE,CI-BE,2,2020-05-18,7996.359273709702,7137.095079760618,8855.623467658786,7741.111803434305,-255.24747027539706,604.016723673687,-1114.5116642244811
CI,BF,CI-BF,3,2020-05-18,206670.93155327177,185410.71206174803,227931.15104479552,196487.89812601174,-10183.03342726003,11077.186064263718,-31443.25291878378
CI,BJ,CI-BJ,4,2020-05-18,19062.911469171882,17547.081196964344,20578.74174137942,17119.15791864776,-1943.7535505241212,-427.9232783165826,-3459.58382273166
CI,CA,CI-CA,5,2020-05-18,20677.071704154554,19152.941991984462,22201.201416324646,20029.64871537473,-647.4229887798247,876.7067233902671,-2171.5527009499165
CI,DE,CI-DE,6,2020-05-18,14693.35210510767,13880.953375005392,15505.750835209947,13296.451130366593,-1396.9009747410764,-584.5022446387993,-2209.2997048433535
CI,DZ,CI-DZ,7,2020-05-18,749.1757269137559,681.9324223845938,816.4190314429179,744.571504893826,-4.604222019929807,62.63908250923225,-71.84752654909187
CI,EG,CI-EG,8,2020-05-18,407.24825920302413,362.3707390456819,452.1257793603664,369.09721162017837,-38.15104758284576,6.7264725744964835,-83.02856774018801
CI,ES,CI-ES,9,2020-05-18,9815.590956068852,8299.600307453384,11331.581604684321,7520.0092002140655,-2295.581755854787,-779.5911072393183,-3811.5724044702556
CI,FR,CI-FR,10,2020-05-18,182527.18964131392,176843.11630402136,188211.26297860648,184237.25699988593,1710.067358572007,7394.1406958645675,-3974.0059787205537
CI,GA,CI-GA,11,2020-05-18,13901.862980004613,13027.762785248968,14775.963174760258,13858.93058364926,-42.932396355352466,831.1677984002927,-917.0325911109976
CI,GB,CI-GB,12,2020-05-18,10521.746470819255,9403.588599389308,11639.904342249201,11387.57891743408,865.832446614826,1983.9903180447727,-252.32542481512064
CI,GM,CI-GM,13,2020-05-18,2260.8471354338158,1918.3087812998547,2603.385489567777,1841.2464816485046,-419.6006537853111,-77.06229965135003,-762.1390079192722
CI,GN,CI-GN,14,2020-05-18,8795.30027380259,7785.676197218197,9804.924350386984,8446.874398783828,-348.42587501876187,661.1982015656313,-1358.049951603156
CI,IT,CI-IT,15,2020-05-18,39662.585469477024,34691.85472687018,44633.31621208387,33713.197649055466,-5949.387820421558,-978.6570778147143,-10920.118563028402
CI,MA,CI-MA,16,2020-05-18,1816.7036207151818,1447.0266679970641,2186.3805734332996,1712.5240960736564,-104.1795246415254,265.4974280765923,-473.8564773596431
CI,ML,CI-ML,17,2020-05-18,59050.12016743201,52257.74578117985,65842.49455368417,57163.07220675737,-1887.0479606746376,4905.326425577521,-8679.422346926796
CI,MR,CI-MR,18,2020-05-18,3780.9929025393367,2783.847824609613,4778.1379804690605,3675.9653219132388,-105.02758062609792,892.1174973036259,-1102.1726585558217
CI,NL,CI-NL,19,2020-05-18,4959.31807647457,4362.967638973361,5555.668513975779,2295.8972343377623,-2663.420842136808,-2067.070404635599,-3259.771279638017
CI,TN,CI-TN,20,2020-05-18,2062.3815001659227,1835.8994587838108,2288.863541548035,1933.3217526423857,-129.059747523537,97.4222938585749,-355.5417889056491
CI,TR,CI-TR,21,2020-05-18,2452.7164994302493,1991.7496548509425,2913.683344009556,1839.537374572687,-613.1791248575623,-152.21228027825555,-1074.145969436869
CI,US,CI-US,22,2020-05-18,34322.030557248756,31997.14408796092,36646.91702653659,35858.65577777777,1536.6252205290148,3861.511689816849,-788.2612487588194
DZ,AE,DZ-AE,23,2020-05-18,9456.120325051508,8334.22453861351,10578.016111489507,9342.557122022585,-113.56320302892345,1008.3325834090756,-1235.4589894669225
DZ,BE,DZ-BE,24,2020-05-18,25512.19387326427,22731.502494370718,28292.885252157823,23014.116172372258,-2498.077700892012,282.6136780015404,-5278.769079785565
DZ,BF,DZ-BF,25,2020-05-18,4491.151957165982,2912.937171208566,6069.366743123398,3929.757962520234,-561.3939946457481,1016.820791311668,-2139.608780603164
DZ,BJ,DZ-BJ,26,2020-05-18,2212.3299425003675,1914.838973851412,2509.820911149323,1711.9157918647772,-500.4141506355902,-202.92318198663475,-797.9051192845457
DZ,CA,DZ-CA,27,2020-05-18,84974.26727734748,76529.11893295382,93419.41562174114,76476.84054961284,-8497.426727734637,-52.2783833409776,-16942.575072128297
DZ,CI,DZ-CI,28,2020-05-18,8052.586719473427,5539.483269222463,10565.690169724392,5447.133725683481,-2605.452993789946,-92.34954353898138,-5118.556444040911
DZ,DE,DZ-DE,29,2020-05-18,35797.27548738623,33212.5906363512,38381.96033842126,32047.85657062723,-3749.4189167589975,-1164.7340657239656,-6334.103767794029
DZ,EG,DZ-EG,30,2020-05-18,5788.253265134371,5065.585409647331,6510.92112062141,5167.360962682494,-620.8923024518772,101.77555303516237,-1343.5601579389167
DZ,ES,DZ-ES,31,2020-05-18,45572.38658174834,36367.73546040573,54777.037703090944,34377.184915264246,-11195.201666484092,-1990.5505451414865,-20399.852787826698
DZ,FR,DZ-FR,32,2020-05-18,806073.1601122945,731980.7226856493,880165.5975389397,745229.3541568422,-60843.80595545226,13248.63147119293,-134936.24338209745
DZ,GA,DZ-GA,33,2020-05-18,2319.782871103414,2087.894734600516,2551.671007606312,2132.143166715272,-187.63970438814204,44.248432114755815,-419.5278408910399
DZ,GB,DZ-GB,34,2020-05-18,33698.665903466834,30674.214698075026,36723.11710885864,31057.03341118387,-2641.6324922829626,382.81871310884526,-5666.0836976747705
DZ,GM,DZ-GM,35,2020-05-18,2260.8471354338158,1918.3087812998547,2603.385489567777,1841.2464816485046,-419.6006537853111,-77.06229965135003,-762.1390079192722
DZ,GN,DZ-GN,36,2020-05-18,742.5823647282483,599.2112120922238,885.9535173642728,649.7595691372178,-92.82279559103051,50.54835704499396,-236.193948227055
DZ,IT,DZ-IT,37,2020-05-18,17054.911751875137,13579.568241184768,20530.255262565504,14080.217841664326,-2974.6939102108117,500.6496004795572,-6450.037420901179
DZ,MA,DZ-MA,38,2020-05-18,4995.934956966758,4076.1377276574904,5915.732186276026,3785.579580794398,-1210.3553761723601,-290.55814686309213,-2130.152605481628
DZ,ML,DZ-ML,39,2020-05-18,5787.761060934187,4666.619412037697,6908.902709830678,3929.961214214571,-1857.7998467196162,-736.6581978231256,-2978.9414956161067
DZ,MR,DZ-MR,40,2020-05-18,5042.702807720476,4571.584961324588,5513.820654116364,3045.799838156687,-1996.9029695637887,-1525.785123167901,-2468.0208159596764
DZ,NL,DZ-NL,41,2020-05-18,4371.0351192199705,3523.977834164969,5218.092404274972,3443.845851506644,-927.1892677133264,-80.13198265832489,-1774.246552768328
DZ,TN,DZ-TN,42,2020-05-18,4238.680750447859,3576.7082153578585,4900.65328553786,3504.145676664322,-734.5350737835374,-72.56253869353668,-1396.5076088735382
DZ,TR,DZ-TR,43,2020-05-18,23300.80674458734,17848.198035649464,28753.415453525213,17843.512533355046,-5457.294211232293,-4.6855022944182565,-10909.902920170167
DZ,US,DZ-US,44,2020-05-18,37002.530653266855,33688.71397258626,40316.34733394745,35858.65577777777,-1143.874875489084,2169.9418051915127,-4457.691556169681
MA,AE,MA-AE,45,2020-05-18,52156.312762314374,48360.9860660216,55951.63945860715,58690.42294603935,6534.1101837249735,10329.436880017747,2738.7834874321998
MA,BE,MA-BE,46,2020-05-18,174914.6822069581,158772.63118233005,191056.73323158614,186205.12175828457,11290.439551326475,27432.49057595452,-4851.611473301571
MA,BF,MA-BF,47,2020-05-18,4491.151957165982,2912.937171208566,6069.366743123398,3929.757962520234,-561.3939946457481,1016.820791311668,-2139.608780603164
MA,BJ,MA-BJ,48,2020-05-18,2212.3299425003675,1914.838973851412,2509.820911149323,1711.9157918647772,-500.4141506355902,-202.92318198663475,-797.9051192845457
MA,CA,MA-CA,49,2020-05-18,83177.04273102802,78379.34405072687,87974.74141132917,85581.22632932843,2404.183598300413,7201.882278601566,-2393.51508200074
MA,CI,MA-CI,50,2020-05-18,22462.478743794276,18832.873374336494,26092.084113252058,20621.291961516043,-1841.1867822782333,1788.418587179549,-5470.7921517360155
MA,DE,MA-DE,51,2020-05-18,144904.912495462,136404.83530299363,153404.98968793036,139783.2041910336,-5121.708304428379,3378.368888039986,-13621.785496896744
MA,DZ,MA-DZ,52,2020-05-18,14328.454231938375,12857.98491200165,15798.9235518751,14739.476729530828,411.0224975924539,1881.4918175291787,-1059.446822344271
MA,EG,MA-EG,53,2020-05-18,10122.582184517269,8987.522954493372,11257.641414541165,10334.72192536499,212.13974084772053,1347.1989708716173,-922.9194891761763
MA,ES,MA-ES,54,2020-05-18,595946.5937613249,474080.69242007413,717812.4951025756,515657.7737289639,-80288.82003236096,41577.081308889785,-202154.7213736117
MA,FR,MA-FR,55,2020-05-18,660111.7421450947,597025.1311278312,723198.3531623582,662426.0925838595,2314.3504387647845,65400.96145602828,-60772.26057849871
MA,GA,MA-GA,56,2020-05-18,2319.782871103414,2087.894734600516,2551.671007606312,2132.143166715272,-187.63970438814204,44.248432114755815,-419.5278408910399
MA,GB,MA-GB,57,2020-05-18,33588.65219530758,29939.485373757056,37237.8190168581,33127.502305262795,-461.1498900447841,3188.016931505739,-4110.316711595304
MA,GM,MA-GM,58,2020-05-18,2260.8471354338158,1918.3087812998547,2603.385489567777,1841.2464816485046,-419.6006537853111,-77.06229965135003,-762.1390079192722
MA,GN,MA-GN,59,2020-05-18,948.4330292079471,783.0107940425476,1113.8552643733467,1039.6153106195477,91.18228141160057,256.60451657700014,-74.239953753799
MA,IT,MA-IT,60,2020-05-18,279732.76611419255,250709.0710145205,308756.4612138646,277638.09828633873,-2094.6678278538166,26929.027271818224,-31118.362927525886
MA,ML,MA-ML,61,2020-05-18,2564.890891548074,2310.6640864445426,2819.117696651605,2500.884409045634,-64.00648250243967,190.22032260109154,-318.2332876059709
MA,MR,MA-MR,62,2020-05-18,10430.516526747648,9486.633051355951,11374.400002139344,8612.261611339587,-1818.2549154080607,-874.3714400163644,-2762.138390799757
MA,NL,MA-NL,63,2020-05-18,109275.8779804993,90802.28155090907,127749.47441008952,94131.78660784826,-15144.091372651033,3329.5050569391897,-33617.68780224126
MA,TN,MA-TN,64,2020-05-18,2536.53601572464,2282.4470143569306,2790.6250170923495,3020.8152385037247,484.27922277908465,738.3682241467941,230.1902214113752
MA,TR,MA-TR,65,2020-05-18,34338.030992023465,24850.731198283767,43825.33078576316,40469.822240599126,6131.791248575661,15619.091042315358,-3355.5085451640334
MA,US,MA-US,66,2020-05-18,95126.61687913419,86517.12510039423,103736.10865787415,99038.19214814823,3911.575269014036,12521.067047753997,-4697.916509725925
SN,AE,SN-AE,67,2020-05-18,1556.2580064476833,1391.5965073353018,1720.9195055600649,1557.092853670433,0.8348472227496586,165.4963463351312,-163.82665188963188
SN,BE,SN-BE,68,2020-05-18,8757.917299777297,7825.5311028997985,9690.303496654795,8368.769517226276,-389.147782551021,543.2384143264771,-1321.5339794285192
SN,BF,SN-BF,69,2020-05-18,9520.791045434946,8347.422906857862,10694.159184012029,8645.467517544506,-875.3235278904394,298.04461068664386,-2048.6916664675227
SN,BJ,SN-BJ,70,2020-05-18,2781.8631617802635,2185.3936249034864,3378.3326986570405,2739.065266983644,-42.7978947966194,553.6716420801577,-639.2674316733965
SN,CA,SN-CA,71,2020-05-18,14445.625437149029,13052.708052466221,15838.542821831836,14202.841816356646,-242.78362079238286,1150.1337638904242,-1635.70100547519
SN,CI,SN-CI,72,2020-05-18,74147.55453285847,67653.25098900232,80641.85807671462,70034.57647307332,-4112.9780597851495,2381.3254840709997,-10607.281603641299
SN,DE,SN-DE,73,2020-05-18,12366.629372998324,11232.975977829237,13500.282768167412,10909.90861978799,-1456.7207532103348,-323.06735804124764,-2590.374148379422
SN,DZ,SN-DZ,74,2020-05-18,257.8696140507025,237.93546085882576,277.8037672425793,243.12538935308606,-14.74422469761646,5.1899284942603,-34.67837788949322
SN,EG,SN-EG,75,2020-05-18,438.6627262567206,362.61776240498523,514.707690108456,406.0069327821962,-32.65579347452439,43.389170377210974,-108.70075732625975
SN,ES,SN-ES,76,2020-05-18,94650.34136209276,80367.63425723984,108933.04846694568,73051.51794493658,-21598.823417156178,-7316.11631230326,-35881.530522009096
SN,FR,SN-FR,77,2020-05-18,165876.39762878072,160811.1987909751,170941.59646658634,163536.4416066408,-2339.9560221399297,2725.242815665697,-7405.154859945556
SN,GA,SN-GA,78,2020-05-18,24049.005262810766,22507.930361153838,25590.080164467694,23453.574833867995,-595.430428942771,945.644472714157,-2136.505330599699
SN,GB,SN-GB,79,2020-05-18,6070.238348549575,5511.383076866463,6629.093620232687,5797.312903420982,-272.9254451285924,285.9298265545194,-831.7807168117042
SN,GM,SN-GM,80,2020-05-18,38472.7679801169,35563.34736880286,41382.18859143094,40507.42259626722,2034.654616150321,4944.07522746436,-874.7659951637179
SN,GN,SN-GN,81,2020-05-18,6310.3270524136715,5612.649494616066,7008.004610211277,7147.355260509396,837.028208095725,1534.7057658933309,139.35065029811904
SN,IT,SN-IT,82,2020-05-18,122954.01495537876,111084.66030441811,134823.36960633943,99156.46367369266,-23797.5512816861,-11928.196630725448,-35666.90593264677
SN,MA,SN-MA,83,2020-05-18,2270.8795258939813,1905.7291378191908,2636.029913968772,2163.188331882513,-107.69119401146827,257.45919406332223,-472.84158208625877
SN,ML,SN-ML,84,2020-05-18,25723.3824930408,18544.26210970309,32902.50287637851,26795.19009691752,1071.8076038767176,8250.927987214429,-6107.31277946099
SN,MR,SN-MR,85,2020-05-18,37192.26605244203,32563.596637049443,41820.93546783461,36759.653219132364,-432.612833309664,4196.0565820829215,-5061.2822487022495
SN,NL,SN-NL,86,2020-05-18,4959.31807647457,4362.967638973361,5555.668513975779,2295.8972343377623,-2663.420842136808,-2067.070404635599,-3259.771279638017
SN,TN,SN-TN,87,2020-05-18,128.9849749175801,113.99598792425938,143.97396191090084,120.83260954014906,-8.152365377431039,6.836621615889683,-23.141352370751775
SN,TR,SN-TR,88,2020-05-18,4169.618049031426,3442.2095867682297,4897.026511294624,4046.982224059908,-122.63582497151856,604.7726372916782,-850.0442872347157
SN,US,SN-US,89,2020-05-18,38824.409263157926,35139.2867314805,42509.531794835355,39273.76585185186,449.3565886939323,4134.479120371361,-3235.7659429834966
